font,character,contours,points,triangles,calc_us,render_us
Astloch-Bold.ttf,a,2,18,18,68.916,9.001
Astloch-Bold.ttf,b,2,18,18,42.984,6.001
Astloch-Bold.ttf,c,1,15,13,35.729,3.787
Astloch-Bold.ttf,d,2,23,23,84.062,16.633
Astloch-Bold.ttf,e,2,16,16,53.859,5.154
Astloch-Bold.ttf,f,1,30,28,88.704,7.974
Astloch-Bold.ttf,g,2,32,32,144.826,10.155
Astloch-Bold.ttf,h,1,18,16,58.775,6.137
Astloch-Bold.ttf,i,2,12,8,27.363,2.386
Astloch-Bold.ttf,j,2,14,10,33.848,3.324
Astloch-Bold.ttf,k,1,27,25,97.9,13.49
Astloch-Bold.ttf,l,1,8,6,17.847,2.361
Astloch-Bold.ttf,m,1,29,27,86.533,8.1
Astloch-Bold.ttf,n,1,21,19,60.27,5.623
Astloch-Bold.ttf,o,2,16,16,44.433,6.013
Astloch-Bold.ttf,p,2,34,34,123.903,10.458
Astloch-Bold.ttf,q,2,20,20,51.672,6.309
Astloch-Bold.ttf,r,1,11,9,23.844,2.688
Astloch-Bold.ttf,s,2,39,39,147.96,10.468
Astloch-Bold.ttf,t,1,19,17,54.357,5.375
Astloch-Bold.ttf,u,1,21,19,61.801,5.377
Astloch-Bold.ttf,v,1,21,19,59.87,5.437
Astloch-Bold.ttf,w,1,33,31,114.52,8.552
Astloch-Bold.ttf,x,1,39,37,118.223,10.042
Astloch-Bold.ttf,y,1,42,40,127.666,10.474
Astloch-Bold.ttf,z,2,44,44,138.989,11.518
Astloch-Bold.ttf,A,2,54,54,224.006,14.695
Astloch-Bold.ttf,B,5,85,91,341.29,41.262
Astloch-Bold.ttf,C,1,39,37,136.201,10.336
Astloch-Bold.ttf,D,3,66,68,220.965,20.798
Astloch-Bold.ttf,E,1,71,69,232.217,18.003
Astloch-Bold.ttf,F,5,97,103,446.656,28.874
Astloch-Bold.ttf,G,3,53,55,169.25,14.233
Astloch-Bold.ttf,H,2,56,56,170.012,14.723
Astloch-Bold.ttf,I,2,76,76,251.94,22.341
Astloch-Bold.ttf,J,3,82,83,255.84,21.32
Astloch-Bold.ttf,L,2,53,53,154.181,16.543
Astloch-Bold.ttf,M,2,90,90,423.221,23.659
Astloch-Bold.ttf,N,2,55,55,204.847,14.866
Astloch-Bold.ttf,O,1,43,41,123.907,13.353
Astloch-Bold.ttf,P,4,75,79,277.773,21.416
Astloch-Bold.ttf,Q,1,51,49,162.749,12.912
Astloch-Bold.ttf,R,4,78,82,265.837,23.962
Astloch-Bold.ttf,S,2,55,55,181.751,13.956
Astloch-Bold.ttf,T,2,59,59,169.907,14.789
Astloch-Bold.ttf,U,1,23,21,57.015,8.552
Astloch-Bold.ttf,V,3,74,76,249.44,20.114
Astloch-Bold.ttf,W,3,94,96,340.542,25.642
Astloch-Bold.ttf,X,1,64,62,192.835,18.906
Astloch-Bold.ttf,Y,3,68,70,254.153,19.26
Astloch-Bold.ttf,Z,2,39,39,126.307,11.085
Astloch-Bold.ttf,0,2,17,17,43.37,5.721
Astloch-Bold.ttf,1,1,13,11,34.209,3.295
Astloch-Bold.ttf,2,1,42,40,118.256,10.394
Astloch-Bold.ttf,3,1,28,26,63.457,9.165
Astloch-Bold.ttf,4,2,19,19,60.44,6.367
Astloch-Bold.ttf,5,1,17,15,37.639,4.387
Astloch-Bold.ttf,6,2,22,22,66.426,7.209
Astloch-Bold.ttf,7,1,25,23,56.529,6.399
Astloch-Bold.ttf,8,3,32,34,85.213,12.89
Astloch-Bold.ttf,9,2,22,22,62.503,9.254
Astloch-Regular.ttf,a,2,20,20,68.438,6.531
Astloch-Regular.ttf,b,2,20,19,59.574,6.939
Astloch-Regular.ttf,c,1,16,14,37.907,7.631
Astloch-Regular.ttf,d,2,26,26,76.92,8.253
Astloch-Regular.ttf,e,2,18,18,40.23,5.481
Astloch-Regular.ttf,f,1,30,25,199.096,9.145
Astloch-Regular.ttf,g,2,40,40,138.643,11.382
Astloch-Regular.ttf,h,1,20,18,60.135,9.358
Astloch-Regular.ttf,i,2,11,7,24.513,2.306
Astloch-Regular.ttf,j,2,13,9,28.713,2.772
Astloch-Regular.ttf,k,1,25,23,69.996,10.172
Astloch-Regular.ttf,l,1,8,6,17.093,3.082
Astloch-Regular.ttf,m,1,29,27,110.395,7.681
Astloch-Regular.ttf,n,1,18,16,51.387,4.778
Astloch-Regular.ttf,o,2,17,17,44.47,7.727
Astloch-Regular.ttf,p,2,38,38,194.497,25.662
Astloch-Regular.ttf,q,2,22,22,76.769,7.473
Astloch-Regular.ttf,r,1,11,9,30.45,2.671
Astloch-Regular.ttf,s,1,42,40,153.695,14.334
Astloch-Regular.ttf,t,1,18,16,51.504,5.706
Astloch-Regular.ttf,u,1,20,18,59.742,5.149
Astloch-Regular.ttf,v,1,17,15,47.005,7.089
Astloch-Regular.ttf,w,1,28,26,124.655,15.477
Astloch-Regular.ttf,x,1,41,39,233.153,24.708
Astloch-Regular.ttf,y,1,45,43,215.106,22.023
Astloch-Regular.ttf,z,2,26,25,148.828,15.03
Astloch-Regular.ttf,A,1,58,57,416.77,30.272
Astloch-Regular.ttf,B,3,83,86,584.969,42.21
Astloch-Regular.ttf,C,1,43,42,206.362,12.505
Astloch-Regular.ttf,D,1,65,63,267.171,24.613
Astloch-Regular.ttf,E,1,75,76,423.329,21.037
Astloch-Regular.ttf,F,1,93,90,475.932,24.522
Astloch-Regular.ttf,G,2,53,53,220.534,16.728
Astloch-Regular.ttf,H,1,53,48,221.203,13.239
Astloch-Regular.ttf,I,1,70,66,302.079,21.002
Astloch-Regular.ttf,J,1,73,71,316.1,21.209
Astloch-Regular.ttf,K,1,58,54,235.019,14.315
Astloch-Regular.ttf,L,1,58,56,235.666,17.855
Astloch-Regular.ttf,M,1,91,87,533.939,23.143
Astloch-Regular.ttf,N,1,60,58,283.71,17.661
Astloch-Regular.ttf,O,1,34,30,112.37,8.753
Astloch-Regular.ttf,P,2,69,69,320.702,21.027
Astloch-Regular.ttf,Q,1,50,47,183.135,13.267
Astloch-Regular.ttf,R,2,73,71,400.111,21.724
Astloch-Regular.ttf,S,1,50,48,183.605,12.816
Astloch-Regular.ttf,T,1,51,49,152.047,16.284
Astloch-Regular.ttf,U,1,24,22,81.797,6.376
Astloch-Regular.ttf,V,1,72,70,303.962,21.453
Astloch-Regular.ttf,W,1,89,86,479.048,26.274
Astloch-Regular.ttf,X,1,74,72,382.464,20.024
Astloch-Regular.ttf,Y,1,69,69,364.33,21.071
Astloch-Regular.ttf,Z,1,38,35,170.122,10.674
Astloch-Regular.ttf,0,2,16,16,39.894,7.69
Astloch-Regular.ttf,1,1,14,12,40.574,3.765
Astloch-Regular.ttf,2,1,50,47,205.945,15.153
Astloch-Regular.ttf,3,1,32,29,122.023,7.823
Astloch-Regular.ttf,4,2,21,20,74.013,9.133
Astloch-Regular.ttf,5,1,15,8,46.74,2.83
Astloch-Regular.ttf,6,2,23,23,77.502,7.786
Astloch-Regular.ttf,7,1,20,18,48.141,11.43
Astloch-Regular.ttf,8,3,31,33,87.315,13.114
Astloch-Regular.ttf,9,2,24,24,84.238,10.117
CraftyGirls-Regular.ttf,a,3,83,85,316.771,22.538
CraftyGirls-Regular.ttf,b,2,81,81,293.324,21.353
CraftyGirls-Regular.ttf,c,1,71,69,200.46,19.57
CraftyGirls-Regular.ttf,d,3,100,102,352.032,27.201
CraftyGirls-Regular.ttf,e,2,67,67,200.629,19.522
CraftyGirls-Regular.ttf,f,1,67,65,224.757,18.273
CraftyGirls-Regular.ttf,g,3,117,119,451.441,33.752
CraftyGirls-Regular.ttf,h,1,53,51,152.766,13.224
CraftyGirls-Regular.ttf,i,2,40,36,109.938,12.229
CraftyGirls-Regular.ttf,j,2,56,52,179.9,13.779
CraftyGirls-Regular.ttf,k,1,56,54,175.894,13.933
CraftyGirls-Regular.ttf,l,1,18,16,40.504,4.776
CraftyGirls-Regular.ttf,m,1,97,95,401.958,28.023
CraftyGirls-Regular.ttf,n,1,64,62,210.088,18.825
CraftyGirls-Regular.ttf,o,2,56,56,176.051,14.339
CraftyGirls-Regular.ttf,p,2,115,115,432.998,33.332
CraftyGirls-Regular.ttf,q,3,114,116,444.674,31.97
CraftyGirls-Regular.ttf,r,2,59,59,170.448,15.781
CraftyGirls-Regular.ttf,s,1,78,76,242.465,20.007
CraftyGirls-Regular.ttf,t,1,69,67,203.868,32.61
CraftyGirls-Regular.ttf,u,1,56,54,254.051,35.008
CraftyGirls-Regular.ttf,v,1,44,42,184.347,18.462
CraftyGirls-Regular.ttf,w,2,96,96,402.295,41.899
CraftyGirls-Regular.ttf,x,1,57,55,234.861,18.687
CraftyGirls-Regular.ttf,y,2,132,132,512.212,34.643
CraftyGirls-Regular.ttf,z,1,79,77,357.02,21.635
CraftyGirls-Regular.ttf,A,2,97,97,369.344,180.797
CraftyGirls-Regular.ttf,B,3,132,134,600.431,37.656
CraftyGirls-Regular.ttf,C,1,93,91,301.582,26.312
CraftyGirls-Regular.ttf,D,2,101,101,339.468,27.342
CraftyGirls-Regular.ttf,E,2,78,78,252.6,22.86
CraftyGirls-Regular.ttf,F,1,68,66,206.832,17.492
CraftyGirls-Regular.ttf,G,2,134,134,540.733,37.278
CraftyGirls-Regular.ttf,H,1,88,86,334.845,27.176
CraftyGirls-Regular.ttf,I,1,32,30,82.11,8.144
CraftyGirls-Regular.ttf,J,1,51,49,154.936,12.471
CraftyGirls-Regular.ttf,K,2,85,85,315.136,22.932
CraftyGirls-Regular.ttf,L,2,53,53,151.073,16.777
CraftyGirls-Regular.ttf,M,2,122,122,473.447,31.208
CraftyGirls-Regular.ttf,N,1,94,92,366.401,26.806
CraftyGirls-Regular.ttf,O,2,81,83,275.785,21.833
CraftyGirls-Regular.ttf,P,1,84,82,320.21,24.218
CraftyGirls-Regular.ttf,Q,2,89,89,312.129,23.18
CraftyGirls-Regular.ttf,R,2,139,139,639.504,40.296
CraftyGirls-Regular.ttf,S,1,86,84,283.313,25.043
CraftyGirls-Regular.ttf,T,1,49,47,134.607,12.971
CraftyGirls-Regular.ttf,U,1,74,74,238.657,23.105
CraftyGirls-Regular.ttf,V,2,81,81,287.556,20.736
CraftyGirls-Regular.ttf,W,2,99,99,342.848,27.607
CraftyGirls-Regular.ttf,X,1,76,74,280.273,19.048
CraftyGirls-Regular.ttf,Y,2,122,122,500.517,34.288
CraftyGirls-Regular.ttf,Z,2,102,102,408.496,25.731
CraftyGirls-Regular.ttf,0,2,63,63,188.579,16.93
CraftyGirls-Regular.ttf,1,1,40,38,127.729,13.024
CraftyGirls-Regular.ttf,2,2,91,90,322.315,23.911
CraftyGirls-Regular.ttf,3,2,107,110,392.515,32.397
CraftyGirls-Regular.ttf,4,2,87,87,323.773,31.31
CraftyGirls-Regular.ttf,5,1,84,82,288.626,25.605
CraftyGirls-Regular.ttf,6,2,87,87,286.683,25.875
CraftyGirls-Regular.ttf,7,1,85,83,276.789,22.005
CraftyGirls-Regular.ttf,8,3,98,100,331.721,25.27
CraftyGirls-Regular.ttf,9,2,101,101,366.2,29.365
Eater-Regular.ttf,a,3,159,161,791.573,46.427
Eater-Regular.ttf,h,1,195,193,1040.65,61.763
Eater-Regular.ttf,i,1,90,89,349.375,24.282
Eater-Regular.ttf,j,1,130,131,504.251,42.276
Eater-Regular.ttf,k,2,204,207,1101.21,64.793
Eater-Regular.ttf,l,1,130,129,545.295,36.788
Eater-Regular.ttf,m,2,248,249,1474.49,70.065
Eater-Regular.ttf,n,2,203,207,1144.2,60.742
Eater-Regular.ttf,p,3,193,198,1060.31,59.243
Eater-Regular.ttf,q,2,202,202,1134.82,57.314
Eater-Regular.ttf,r,2,155,155,682.729,43.73
Eater-Regular.ttf,s,1,219,217,1206.03,59.327
Eater-Regular.ttf,u,1,164,162,728.193,45.261
Eater-Regular.ttf,v,1,152,150,674.553,41.864
Eater-Regular.ttf,w,1,199,194,1173.89,55.472
Eater-Regular.ttf,x,1,173,171,819.703,47.33
Eater-Regular.ttf,z,1,152,150,651.695,39.3
Eater-Regular.ttf,A,3,158,158,838.484,46.297
Eater-Regular.ttf,B,3,137,140,597.905,36.374
Eater-Regular.ttf,C,1,136,131,779.524,69.256
Eater-Regular.ttf,D,2,145,145,1190.48,78.013
Eater-Regular.ttf,E,1,178,178,1457.39,102.518
Eater-Regular.ttf,H,1,199,197,1070.27,59.083
Eater-Regular.ttf,J,1,127,128,538.075,36.32
Eater-Regular.ttf,K,2,202,200,2410.53,55.666
Eater-Regular.ttf,L,1,131,129,554.009,39.971
Eater-Regular.ttf,M,2,243,245,1398.13,69.505
Eater-Regular.ttf,N,1,197,195,1021.27,59.531
Eater-Regular.ttf,P,2,128,127,582.184,36.877
Eater-Regular.ttf,Q,2,210,213,1082.85,58.778
Eater-Regular.ttf,R,2,152,152,592.355,43.249
Eater-Regular.ttf,U,1,162,163,705.23,46.358
Eater-Regular.ttf,W,1,195,196,1035.62,56.186
Eater-Regular.ttf,X,3,180,185,915.004,116.165
Eater-Regular.ttf,0,2,115,115,393.177,32.572
Eater-Regular.ttf,1,1,72,72,268.6,24.613
Eater-Regular.ttf,2,1,75,70,249.743,21.827
Eater-Regular.ttf,3,1,57,56,198.918,15.428
Eater-Regular.ttf,4,3,79,78,289.48,24.705
Eater-Regular.ttf,5,1,65,64,243.48,27.842
Eater-Regular.ttf,6,2,58,59,202.019,16.231
Eater-Regular.ttf,7,1,60,56,240.062,18.731
Eater-Regular.ttf,9,2,79,86,330.083,51.464
Elronmonospace.ttf,a,2,26,26,111.246,9.032
Elronmonospace.ttf,b,2,22,22,62.013,11.56
Elronmonospace.ttf,c,1,18,16,44.099,4.571
Elronmonospace.ttf,d,2,22,22,78.253,7.139
Elronmonospace.ttf,e,2,19,19,87.618,5.903
Elronmonospace.ttf,f,1,20,18,61.087,10.13
Elronmonospace.ttf,g,2,32,32,82.014,12.027
Elronmonospace.ttf,h,1,16,14,53.953,5.313
Elronmonospace.ttf,i,2,8,4,18.54,4.172
Elronmonospace.ttf,j,2,20,16,52.527,5.138
Elronmonospace.ttf,k,1,12,10,24.998,3.091
Elronmonospace.ttf,l,1,6,4,11.713,3.592
Elronmonospace.ttf,m,1,26,24,65.488,7.218
Elronmonospace.ttf,n,1,15,13,51.293,4.201
Elronmonospace.ttf,o,2,16,16,35,6.887
Elronmonospace.ttf,p,2,21,21,54.686,6.332
Elronmonospace.ttf,q,2,21,21,72.73,8.454
Elronmonospace.ttf,r,1,14,12,30.142,16.097
Elronmonospace.ttf,s,1,24,22,67.958,5.867
Elronmonospace.ttf,t,1,24,22,70.326,9.67
Elronmonospace.ttf,u,1,16,14,36.312,6.477
Elronmonospace.ttf,v,1,8,6,15.978,1.901
Elronmonospace.ttf,w,1,13,11,34.46,3.432
Elronmonospace.ttf,x,1,12,10,23.263,2.987
Elronmonospace.ttf,y,1,14,12,47.113,3.451
Elronmonospace.ttf,z,1,10,8,26.086,4.531
Elronmonospace.ttf,A,2,11,11,23.032,2.984
Elronmonospace.ttf,B,3,25,27,84.766,20.169
Elronmonospace.ttf,C,1,18,16,62.628,11.187
Elronmonospace.ttf,D,2,14,14,50.299,12.952
Elronmonospace.ttf,E,1,12,10,41.912,7.942
Elronmonospace.ttf,F,1,10,8,36.198,8.459
Elronmonospace.ttf,G,1,22,20,67.868,8.727
Elronmonospace.ttf,H,1,12,10,28.981,3.685
Elronmonospace.ttf,I,1,4,2,7.891,0.911
Elronmonospace.ttf,J,1,14,12,28.365,5.613
Elronmonospace.ttf,K,1,12,10,27.957,3.316
Elronmonospace.ttf,L,1,6,4,10.829,1.371
Elronmonospace.ttf,M,1,13,11,38.254,3.006
Elronmonospace.ttf,N,1,10,8,24.024,4.583
Elronmonospace.ttf,O,2,16,16,33.229,4.385
Elronmonospace.ttf,P,2,16,16,34.583,4.525
Elronmonospace.ttf,Q,2,25,25,63.361,8.796
Elronmonospace.ttf,R,2,19,19,54.554,5.713
Elronmonospace.ttf,S,1,27,25,77.654,6.651
Elronmonospace.ttf,T,1,8,6,16.616,4.434
Elronmonospace.ttf,U,1,14,12,33.356,3.579
Elronmonospace.ttf,V,1,7,5,38.904,1.703
Elronmonospace.ttf,W,1,13,11,52.067,3.072
Elronmonospace.ttf,X,1,12,10,21.714,5.132
Elronmonospace.ttf,Y,1,9,7,18.091,2.138
Elronmonospace.ttf,Z,1,10,8,26.879,2.473
Elronmonospace.ttf,0,2,20,20,47.333,5.321
Elronmonospace.ttf,1,1,10,8,23.656,4.709
Elronmonospace.ttf,2,1,24,22,68.984,6.361
Elronmonospace.ttf,3,1,29,27,89.726,7.499
Elronmonospace.ttf,4,2,19,19,78.45,9.153
Elronmonospace.ttf,5,1,21,19,47.532,4.978
Elronmonospace.ttf,6,2,23,23,70.126,7.655
Elronmonospace.ttf,7,1,8,6,15.723,2.99
Elronmonospace.ttf,8,3,32,34,78.718,9.157
Elronmonospace.ttf,9,2,23,23,79.243,12.104
JetBrainsMono-Bold.ttf,a,2,27,27,78.506,10.986
JetBrainsMono-Bold.ttf,b,2,25,25,64.545,6.979
JetBrainsMono-Bold.ttf,c,1,22,20,54.422,5.428
JetBrainsMono-Bold.ttf,d,2,25,25,63.25,9.034
JetBrainsMono-Bold.ttf,e,2,27,27,75.424,7.547
JetBrainsMono-Bold.ttf,f,1,18,16,50.188,7.606
JetBrainsMono-Bold.ttf,g,2,31,31,77.924,10.293
JetBrainsMono-Bold.ttf,h,1,17,15,36.672,4.387
JetBrainsMono-Bold.ttf,i,2,18,14,52.595,4.762
JetBrainsMono-Bold.ttf,j,2,20,16,52.26,7.095
JetBrainsMono-Bold.ttf,k,1,13,11,47.236,3.948
JetBrainsMono-Bold.ttf,l,1,12,10,24.869,4.994
JetBrainsMono-Bold.ttf,m,1,26,24,61.98,7.021
JetBrainsMono-Bold.ttf,n,1,16,14,35.877,4.244
JetBrainsMono-Bold.ttf,o,2,20,20,53.615,7.587
JetBrainsMono-Bold.ttf,p,2,26,26,61.422,6.959
JetBrainsMono-Bold.ttf,q,2,26,25,70.772,6.848
JetBrainsMono-Bold.ttf,r,1,16,14,34.846,6.439
JetBrainsMono-Bold.ttf,s,1,32,30,78.111,8.254
JetBrainsMono-Bold.ttf,t,1,18,16,44.771,7.458
JetBrainsMono-Bold.ttf,u,1,14,12,31.368,3.831
JetBrainsMono-Bold.ttf,v,1,11,9,20.8,2.56
JetBrainsMono-Bold.ttf,w,1,25,23,94.115,8.134
JetBrainsMono-Bold.ttf,x,1,20,18,45.103,4.891
JetBrainsMono-Bold.ttf,y,1,12,10,24.808,2.845
JetBrainsMono-Bold.ttf,z,1,10,8,28.028,2.602
JetBrainsMono-Bold.ttf,A,2,15,15,30.952,4.077
JetBrainsMono-Bold.ttf,B,3,28,29,100.537,10.125
JetBrainsMono-Bold.ttf,C,1,24,22,60.262,6.182
JetBrainsMono-Bold.ttf,D,2,18,18,43.012,7.514
JetBrainsMono-Bold.ttf,E,1,12,10,24.342,3.29
JetBrainsMono-Bold.ttf,F,1,10,8,18.111,4.488
JetBrainsMono-Bold.ttf,G,1,28,26,85.006,7.419
JetBrainsMono-Bold.ttf,H,1,12,10,27.569,5.698
JetBrainsMono-Bold.ttf,I,1,12,10,27.954,3.634
JetBrainsMono-Bold.ttf,J,1,12,10,23.35,5.081
JetBrainsMono-Bold.ttf,K,1,13,11,25.673,3.475
JetBrainsMono-Bold.ttf,L,1,6,4,10.346,1.426
JetBrainsMono-Bold.ttf,M,1,18,16,62.206,6.484
JetBrainsMono-Bold.ttf,N,1,16,14,54.701,4.127
JetBrainsMono-Bold.ttf,O,2,20,20,48.533,5.522
JetBrainsMono-Bold.ttf,P,2,18,18,45.049,7.417
JetBrainsMono-Bold.ttf,Q,2,27,27,68.335,7.945
JetBrainsMono-Bold.ttf,R,2,20,20,44.871,7.963
JetBrainsMono-Bold.ttf,S,1,31,29,71.221,7.56
JetBrainsMono-Bold.ttf,T,1,8,6,17.614,2.289
JetBrainsMono-Bold.ttf,U,1,14,12,34.654,5.843
JetBrainsMono-Bold.ttf,V,1,11,9,20.247,2.369
JetBrainsMono-Bold.ttf,W,1,25,23,107.224,5.827
JetBrainsMono-Bold.ttf,X,1,20,18,41.684,4.699
JetBrainsMono-Bold.ttf,Y,1,13,11,28.963,3.156
JetBrainsMono-Bold.ttf,Z,1,10,8,27.48,4.535
JetBrainsMono-Bold.ttf,0,3,32,30,99.426,8.141
JetBrainsMono-Bold.ttf,1,1,11,9,26.855,5.17
JetBrainsMono-Bold.ttf,2,1,20,18,43.635,4.99
JetBrainsMono-Bold.ttf,3,1,23,21,51.253,8.14
JetBrainsMono-Bold.ttf,4,1,12,10,29.009,3.203
JetBrainsMono-Bold.ttf,5,1,22,20,48.903,7.785
JetBrainsMono-Bold.ttf,6,2,25,25,67.166,6.422
JetBrainsMono-Bold.ttf,7,1,9,7,20.825,2.399
JetBrainsMono-Bold.ttf,8,3,38,40,100.489,10.353
JetBrainsMono-Bold.ttf,9,2,24,24,63.073,6.065
JetBrainsMono-Regular.ttf,a,2,29,29,71.109,11.014
JetBrainsMono-Regular.ttf,b,2,27,26,69.797,9.841
JetBrainsMono-Regular.ttf,c,1,20,18,50.265,5.004
JetBrainsMono-Regular.ttf,d,2,27,27,67.821,35.207
JetBrainsMono-Regular.ttf,e,2,25,25,85.065,7.321
JetBrainsMono-Regular.ttf,f,1,17,15,47.212,7.508
JetBrainsMono-Regular.ttf,g,2,33,33,89.53,11.446
JetBrainsMono-Regular.ttf,h,1,17,15,42.742,4.493
JetBrainsMono-Regular.ttf,i,2,18,14,53.101,6.668
JetBrainsMono-Regular.ttf,j,2,20,16,53.303,5.061
JetBrainsMono-Regular.ttf,k,1,13,11,25.503,5.472
JetBrainsMono-Regular.ttf,l,1,12,10,26.119,3.33
JetBrainsMono-Regular.ttf,m,1,29,27,68.41,9.728
JetBrainsMono-Regular.ttf,n,1,17,15,50.135,4.745
JetBrainsMono-Regular.ttf,o,2,20,20,64.096,5.612
JetBrainsMono-Regular.ttf,p,2,27,27,66.33,10.063
JetBrainsMono-Regular.ttf,q,2,27,27,69.176,9.369
JetBrainsMono-Regular.ttf,r,1,16,14,35.714,4.403
JetBrainsMono-Regular.ttf,s,1,29,27,67.855,9.798
JetBrainsMono-Regular.ttf,t,1,18,16,46.316,7.198
JetBrainsMono-Regular.ttf,u,1,14,12,31.368,3.684
JetBrainsMono-Regular.ttf,v,1,11,9,22.106,2.335
JetBrainsMono-Regular.ttf,w,1,25,23,86.878,5.918
JetBrainsMono-Regular.ttf,x,1,20,18,42.084,6.787
JetBrainsMono-Regular.ttf,y,1,12,10,23.48,2.721
JetBrainsMono-Regular.ttf,z,1,10,8,27.659,2.46
JetBrainsMono-Regular.ttf,A,2,15,15,29.897,3.915
JetBrainsMono-Regular.ttf,B,3,27,29,65.781,9.815
JetBrainsMono-Regular.ttf,C,1,20,18,53.067,5.115
JetBrainsMono-Regular.ttf,D,2,18,18,42.678,7.614
JetBrainsMono-Regular.ttf,E,1,12,10,24.115,3.601
JetBrainsMono-Regular.ttf,F,1,10,8,17.663,2.567
JetBrainsMono-Regular.ttf,G,1,24,22,91.865,9.608
JetBrainsMono-Regular.ttf,H,1,12,10,28.61,5.53
JetBrainsMono-Regular.ttf,I,1,12,10,28.118,3.756
JetBrainsMono-Regular.ttf,J,1,12,10,23.563,5.14
JetBrainsMono-Regular.ttf,K,1,13,11,24.918,3.343
JetBrainsMono-Regular.ttf,L,1,6,4,10.26,1.403
JetBrainsMono-Regular.ttf,M,1,18,16,63.12,4.716
JetBrainsMono-Regular.ttf,N,1,16,14,55.752,6.345
JetBrainsMono-Regular.ttf,O,2,20,20,50.733,5.478
JetBrainsMono-Regular.ttf,P,2,16,16,39.326,7.056
JetBrainsMono-Regular.ttf,Q,2,25,25,63.86,7.394
JetBrainsMono-Regular.ttf,R,2,20,20,46.222,8.014
JetBrainsMono-Regular.ttf,S,1,30,28,74.558,7.509
JetBrainsMono-Regular.ttf,T,1,8,6,18.088,4.345
JetBrainsMono-Regular.ttf,U,1,14,12,31.071,3.84
JetBrainsMono-Regular.ttf,V,1,11,9,21.514,2.442
JetBrainsMono-Regular.ttf,W,1,25,23,112.142,6.253
JetBrainsMono-Regular.ttf,X,1,20,18,41.564,4.729
JetBrainsMono-Regular.ttf,Y,1,13,11,27.407,5.619
JetBrainsMono-Regular.ttf,Z,1,10,8,27.457,2.607
JetBrainsMono-Regular.ttf,0,3,29,27,92.131,9.838
JetBrainsMono-Regular.ttf,1,1,11,9,30.577,3.063
JetBrainsMono-Regular.ttf,2,1,19,17,41.421,4.921
JetBrainsMono-Regular.ttf,3,1,23,21,56.567,8.274
JetBrainsMono-Regular.ttf,4,1,12,10,31.85,3.408
JetBrainsMono-Regular.ttf,5,1,22,20,47.925,7.94
JetBrainsMono-Regular.ttf,6,2,25,25,68.431,6.742
JetBrainsMono-Regular.ttf,7,1,9,7,34.916,2.378
JetBrainsMono-Regular.ttf,8,3,38,40,133.239,29.873
JetBrainsMono-Regular.ttf,9,2,25,25,98.232,20.005
Kablammo-Regular-VariableFont_MORF.ttf,a,7,99,103,1271.53,60.049
Kablammo-Regular-VariableFont_MORF.ttf,b,13,143,152,1570.18,66.167
Kablammo-Regular-VariableFont_MORF.ttf,c,6,110,106,1166.46,30.473
Kablammo-Regular-VariableFont_MORF.ttf,d,8,105,111,1556.87,34.945
Kablammo-Regular-VariableFont_MORF.ttf,e,6,129,133,503.882,38.429
Kablammo-Regular-VariableFont_MORF.ttf,f,4,85,107,225.228,34.655
Kablammo-Regular-VariableFont_MORF.ttf,g,7,118,123,437.147,31.411
Kablammo-Regular-VariableFont_MORF.ttf,h,5,109,111,400.34,32.475
Kablammo-Regular-VariableFont_MORF.ttf,i,4,102,97,1514.69,28.814
Kablammo-Regular-VariableFont_MORF.ttf,j,7,82,82,1154.34,21.965
Kablammo-Regular-VariableFont_MORF.ttf,k,8,105,106,805.945,31.65
Kablammo-Regular-VariableFont_MORF.ttf,l,6,92,96,398.994,29.323
Kablammo-Regular-VariableFont_MORF.ttf,m,4,98,102,328.78,26.17
Kablammo-Regular-VariableFont_MORF.ttf,n,8,133,143,2553.91,43.865
Kablammo-Regular-VariableFont_MORF.ttf,o,11,123,134,1062.58,34.177
Kablammo-Regular-VariableFont_MORF.ttf,p,7,95,97,474.344,28.014
Kablammo-Regular-VariableFont_MORF.ttf,q,7,88,95,677.512,23.791
Kablammo-Regular-VariableFont_MORF.ttf,r,4,101,105,332.34,26.849
Kablammo-Regular-VariableFont_MORF.ttf,s,10,119,120,1770.84,32.671
Kablammo-Regular-VariableFont_MORF.ttf,t,4,80,84,269.221,27.327
Kablammo-Regular-VariableFont_MORF.ttf,u,8,110,112,1306.48,33.487
Kablammo-Regular-VariableFont_MORF.ttf,v,5,100,96,915.063,25.184
Kablammo-Regular-VariableFont_MORF.ttf,w,7,134,138,1585.88,43.842
Kablammo-Regular-VariableFont_MORF.ttf,x,8,131,187,1637.23,59.278
Kablammo-Regular-VariableFont_MORF.ttf,y,8,124,128,1875.67,34.308
Kablammo-Regular-VariableFont_MORF.ttf,z,8,114,110,946.421,33.031
Kablammo-Regular-VariableFont_MORF.ttf,A,7,99,103,951.187,25.537
Kablammo-Regular-VariableFont_MORF.ttf,B,13,143,152,887.78,41.419
Kablammo-Regular-VariableFont_MORF.ttf,C,6,110,106,836.87,42.023
Kablammo-Regular-VariableFont_MORF.ttf,D,8,105,111,1422.53,30.638
Kablammo-Regular-VariableFont_MORF.ttf,E,6,129,133,547.679,39.562
Kablammo-Regular-VariableFont_MORF.ttf,F,4,85,107,289.465,34.328
Kablammo-Regular-VariableFont_MORF.ttf,G,7,118,123,421.076,29.963
Kablammo-Regular-VariableFont_MORF.ttf,H,5,109,111,462.793,59.616
Kablammo-Regular-VariableFont_MORF.ttf,I,4,102,97,2732.79,80.54
Kablammo-Regular-VariableFont_MORF.ttf,J,7,82,82,2096.81,70.241
Kablammo-Regular-VariableFont_MORF.ttf,K,8,105,106,1011.62,28.523
Kablammo-Regular-VariableFont_MORF.ttf,L,6,92,96,387.668,29.498
Kablammo-Regular-VariableFont_MORF.ttf,M,4,98,102,333.346,26.17
Kablammo-Regular-VariableFont_MORF.ttf,N,8,133,143,2552.75,41.946
Kablammo-Regular-VariableFont_MORF.ttf,O,11,123,134,1062.38,34.404
Kablammo-Regular-VariableFont_MORF.ttf,P,7,95,97,475.031,27.982
Kablammo-Regular-VariableFont_MORF.ttf,Q,7,88,95,658.587,23.649
Kablammo-Regular-VariableFont_MORF.ttf,R,4,101,105,331.585,26.646
Kablammo-Regular-VariableFont_MORF.ttf,S,10,119,120,1485.86,33.343
Kablammo-Regular-VariableFont_MORF.ttf,T,4,80,84,269.762,22.367
Kablammo-Regular-VariableFont_MORF.ttf,U,8,110,112,1291.62,32.266
Kablammo-Regular-VariableFont_MORF.ttf,V,5,100,96,896.651,25.159
Kablammo-Regular-VariableFont_MORF.ttf,W,7,134,138,1744.79,67.387
Kablammo-Regular-VariableFont_MORF.ttf,X,8,131,187,2002.38,65.524
Kablammo-Regular-VariableFont_MORF.ttf,Y,8,124,128,2074.59,41.728
Kablammo-Regular-VariableFont_MORF.ttf,Z,8,114,110,1002.44,31.967
Kablammo-Regular-VariableFont_MORF.ttf,0,5,96,92,741.935,23.844
Kablammo-Regular-VariableFont_MORF.ttf,1,6,107,121,484.501,40.963
Kablammo-Regular-VariableFont_MORF.ttf,2,10,134,161,794.505,47.354
Kablammo-Regular-VariableFont_MORF.ttf,3,4,90,94,329.418,24.679
Kablammo-Regular-VariableFont_MORF.ttf,4,6,121,183,1074.36,113.057
Kablammo-Regular-VariableFont_MORF.ttf,5,9,132,141,815.969,79.921
Kablammo-Regular-VariableFont_MORF.ttf,6,12,140,197,885.238,59.851
Kablammo-Regular-VariableFont_MORF.ttf,7,10,108,139,1751.92,42.49
Kablammo-Regular-VariableFont_MORF.ttf,8,13,144,145,2284.83,74.455
Kablammo-Regular-VariableFont_MORF.ttf,9,12,109,133,776.963,73.343
MonsieurLaDoulaise-Regular.ttf,a,2,27,25,160.675,14.058
MonsieurLaDoulaise-Regular.ttf,b,2,30,30,235.044,18.539
MonsieurLaDoulaise-Regular.ttf,c,1,20,18,100.933,8.67
MonsieurLaDoulaise-Regular.ttf,d,2,37,35,230.391,21.49
MonsieurLaDoulaise-Regular.ttf,e,2,16,16,83.955,8.242
MonsieurLaDoulaise-Regular.ttf,f,3,31,33,273.492,14.902
MonsieurLaDoulaise-Regular.ttf,g,3,40,42,306.049,21.017
MonsieurLaDoulaise-Regular.ttf,h,2,39,39,308.912,19.398
MonsieurLaDoulaise-Regular.ttf,i,2,22,18,103.742,8.69
MonsieurLaDoulaise-Regular.ttf,j,3,30,28,127.975,7.617
MonsieurLaDoulaise-Regular.ttf,k,2,47,47,342.428,20.172
MonsieurLaDoulaise-Regular.ttf,l,2,20,20,130.67,5.748
MonsieurLaDoulaise-Regular.ttf,m,1,43,41,218.593,11.198
MonsieurLaDoulaise-Regular.ttf,n,1,34,32,152.73,14.361
MonsieurLaDoulaise-Regular.ttf,o,2,21,21,78.492,6.033
MonsieurLaDoulaise-Regular.ttf,p,1,33,31,150.423,7.74
MonsieurLaDoulaise-Regular.ttf,q,3,40,42,234.241,11.596
MonsieurLaDoulaise-Regular.ttf,r,1,29,27,96.511,6.84
MonsieurLaDoulaise-Regular.ttf,s,1,27,21,203.813,10.201
MonsieurLaDoulaise-Regular.ttf,t,1,24,22,91.006,6.644
MonsieurLaDoulaise-Regular.ttf,u,1,25,23,89.94,10.577
MonsieurLaDoulaise-Regular.ttf,v,1,25,22,122.046,6.299
MonsieurLaDoulaise-Regular.ttf,w,1,42,39,196.533,21.824
MonsieurLaDoulaise-Regular.ttf,x,1,32,30,136.204,8.488
MonsieurLaDoulaise-Regular.ttf,y,2,42,42,216.388,10.586
MonsieurLaDoulaise-Regular.ttf,z,1,35,32,170.987,9.155
MonsieurLaDoulaise-Regular.ttf,A,9,120,126,1705.52,38.972
MonsieurLaDoulaise-Regular.ttf,B,10,143,157,1205.9,39.658
MonsieurLaDoulaise-Regular.ttf,C,7,95,102,722.712,28.596
MonsieurLaDoulaise-Regular.ttf,D,4,78,82,402.437,21.08
MonsieurLaDoulaise-Regular.ttf,E,8,108,120,942.758,35.276
MonsieurLaDoulaise-Regular.ttf,F,8,108,113,985.467,28.406
MonsieurLaDoulaise-Regular.ttf,G,7,112,122,964.162,33.87
MonsieurLaDoulaise-Regular.ttf,H,5,108,114,1110.6,32.693
MonsieurLaDoulaise-Regular.ttf,I,6,73,81,425.029,21.583
MonsieurLaDoulaise-Regular.ttf,J,5,83,89,725.841,23.297
MonsieurLaDoulaise-Regular.ttf,K,9,171,177,2078.45,52.87
MonsieurLaDoulaise-Regular.ttf,L,5,93,99,580.311,26.875
MonsieurLaDoulaise-Regular.ttf,M,8,158,167,1859.75,41.694
MonsieurLaDoulaise-Regular.ttf,N,7,144,150,1530.81,39.995
MonsieurLaDoulaise-Regular.ttf,O,3,74,76,477.595,25.466
MonsieurLaDoulaise-Regular.ttf,P,7,110,118,808.326,28.682
MonsieurLaDoulaise-Regular.ttf,Q,4,76,80,448.221,20.25
MonsieurLaDoulaise-Regular.ttf,R,10,159,173,1289.47,44.766
MonsieurLaDoulaise-Regular.ttf,S,6,76,81,659.532,19.84
MonsieurLaDoulaise-Regular.ttf,T,7,97,101,625.362,27.646
MonsieurLaDoulaise-Regular.ttf,U,4,93,97,640.392,24.375
MonsieurLaDoulaise-Regular.ttf,V,3,75,74,734.768,18.403
MonsieurLaDoulaise-Regular.ttf,W,2,98,95,910.563,24.041
MonsieurLaDoulaise-Regular.ttf,X,5,91,96,765.963,27.653
MonsieurLaDoulaise-Regular.ttf,Y,5,94,100,714.992,24.794
MonsieurLaDoulaise-Regular.ttf,Z,6,95,100,1350.03,23.351
MonsieurLaDoulaise-Regular.ttf,0,2,39,39,189.042,10.072
MonsieurLaDoulaise-Regular.ttf,1,2,18,18,50.338,4.353
MonsieurLaDoulaise-Regular.ttf,2,4,55,59,292.156,15.273
MonsieurLaDoulaise-Regular.ttf,3,3,48,50,241.042,16.049
MonsieurLaDoulaise-Regular.ttf,4,2,42,39,241.918,10.511
MonsieurLaDoulaise-Regular.ttf,5,1,31,28,123.915,8.168
MonsieurLaDoulaise-Regular.ttf,6,2,36,36,287.578,17.813
MonsieurLaDoulaise-Regular.ttf,7,2,28,27,152.764,25.87
MonsieurLaDoulaise-Regular.ttf,8,2,36,34,209.623,10.06
MonsieurLaDoulaise-Regular.ttf,9,2,43,43,337.221,13.827
NotoSansBhaiksuki-Regular.ttf,a,2,29,29,221.388,25.079
NotoSansBhaiksuki-Regular.ttf,b,2,25,25,155.925,25.497
NotoSansBhaiksuki-Regular.ttf,c,1,19,17,77.181,9.926
NotoSansBhaiksuki-Regular.ttf,d,2,26,26,135.322,14.936
NotoSansBhaiksuki-Regular.ttf,e,2,23,23,74.05,7.026
NotoSansBhaiksuki-Regular.ttf,f,1,20,18,54.887,10.209
NotoSansBhaiksuki-Regular.ttf,g,2,31,31,102.75,11.851
NotoSansBhaiksuki-Regular.ttf,h,1,17,15,59.475,8.527
NotoSansBhaiksuki-Regular.ttf,i,2,12,8,31.266,2.74
NotoSansBhaiksuki-Regular.ttf,j,2,20,16,51.822,4.851
NotoSansBhaiksuki-Regular.ttf,k,1,18,16,46.88,4.964
NotoSansBhaiksuki-Regular.ttf,l,1,4,2,9.376,8.135
NotoSansBhaiksuki-Regular.ttf,m,1,26,24,63.749,6.925
NotoSansBhaiksuki-Regular.ttf,n,1,16,14,36.805,4.067
NotoSansBhaiksuki-Regular.ttf,o,2,18,18,41.809,7.561
NotoSansBhaiksuki-Regular.ttf,p,2,27,27,70.103,7.349
NotoSansBhaiksuki-Regular.ttf,q,2,26,26,71.478,19.772
NotoSansBhaiksuki-Regular.ttf,r,1,16,14,38.325,4.079
NotoSansBhaiksuki-Regular.ttf,s,1,30,28,83.362,7.434
NotoSansBhaiksuki-Regular.ttf,t,1,21,19,55.911,9.677
NotoSansBhaiksuki-Regular.ttf,u,1,16,14,38.246,4.061
NotoSansBhaiksuki-Regular.ttf,v,1,14,12,33.363,3.338
NotoSansBhaiksuki-Regular.ttf,w,1,29,27,117.108,10.685
NotoSansBhaiksuki-Regular.ttf,x,1,12,10,23.567,2.994
NotoSansBhaiksuki-Regular.ttf,y,1,21,19,57.833,5.824
NotoSansBhaiksuki-Regular.ttf,z,1,10,8,28.139,2.796
NotoSansBhaiksuki-Regular.ttf,A,2,16,16,38.928,7.609
NotoSansBhaiksuki-Regular.ttf,B,3,27,29,69.913,8.32
NotoSansBhaiksuki-Regular.ttf,C,1,19,17,42.824,4.692
NotoSansBhaiksuki-Regular.ttf,D,2,14,14,31.854,4.049
NotoSansBhaiksuki-Regular.ttf,E,1,12,10,28.859,5.98
NotoSansBhaiksuki-Regular.ttf,F,1,10,8,22.98,3.351
NotoSansBhaiksuki-Regular.ttf,G,1,25,23,58.749,9.038
NotoSansBhaiksuki-Regular.ttf,H,1,12,10,30.764,4.066
NotoSansBhaiksuki-Regular.ttf,I,1,12,10,32.304,6.258
NotoSansBhaiksuki-Regular.ttf,J,1,13,11,27.798,3.363
NotoSansBhaiksuki-Regular.ttf,K,1,14,12,45.495,4.352
NotoSansBhaiksuki-Regular.ttf,L,1,6,4,11.964,1.501
NotoSansBhaiksuki-Regular.ttf,M,1,20,18,87.657,8.461
NotoSansBhaiksuki-Regular.ttf,N,1,17,15,66.346,4.489
NotoSansBhaiksuki-Regular.ttf,O,2,20,20,49.307,5.634
NotoSansBhaiksuki-Regular.ttf,P,2,17,17,40.15,7.3
NotoSansBhaiksuki-Regular.ttf,Q,2,24,24,59.177,6.659
NotoSansBhaiksuki-Regular.ttf,R,2,20,20,52.966,5.746
NotoSansBhaiksuki-Regular.ttf,S,1,30,28,72.716,9.631
NotoSansBhaiksuki-Regular.ttf,T,1,8,6,18.879,2.343
NotoSansBhaiksuki-Regular.ttf,U,1,15,13,34.832,4.231
NotoSansBhaiksuki-Regular.ttf,V,1,11,9,21.099,2.803
NotoSansBhaiksuki-Regular.ttf,W,1,26,24,99.889,9.321
NotoSansBhaiksuki-Regular.ttf,X,1,12,10,25.234,2.835
NotoSansBhaiksuki-Regular.ttf,Y,1,9,7,18.045,2.165
NotoSansBhaiksuki-Regular.ttf,Z,1,10,8,27.003,2.684
NotoSansBhaiksuki-Regular.ttf,0,2,18,18,42.125,7.24
NotoSansBhaiksuki-Regular.ttf,1,1,11,9,25.445,2.707
NotoSansBhaiksuki-Regular.ttf,2,1,22,20,50.65,5.683
NotoSansBhaiksuki-Regular.ttf,3,1,31,29,80.006,8.222
NotoSansBhaiksuki-Regular.ttf,4,2,19,19,63.903,8.944
NotoSansBhaiksuki-Regular.ttf,5,1,23,21,52.397,5.962
NotoSansBhaiksuki-Regular.ttf,6,2,33,33,83.753,8.838
NotoSansBhaiksuki-Regular.ttf,7,1,7,5,16.479,4.06
NotoSansBhaiksuki-Regular.ttf,8,3,38,40,96.093,10.789
NotoSansBhaiksuki-Regular.ttf,9,2,33,33,101.286,9.242
StoryScript-Regular.ttf,a,1,41,39,125.627,10.37
StoryScript-Regular.ttf,b,1,32,29,106.609,7.356
StoryScript-Regular.ttf,c,1,33,31,81.898,8.191
StoryScript-Regular.ttf,d,1,35,33,108.663,8.19
StoryScript-Regular.ttf,e,2,39,39,118.576,10.49
StoryScript-Regular.ttf,f,1,29,27,72.777,10.947
StoryScript-Regular.ttf,g,2,43,43,123.311,10.721
StoryScript-Regular.ttf,h,1,26,24,64.215,6.398
StoryScript-Regular.ttf,i,2,20,16,42.835,4.067
StoryScript-Regular.ttf,j,2,25,21,58.831,5.281
StoryScript-Regular.ttf,k,1,27,25,70.768,6.352
StoryScript-Regular.ttf,l,1,12,10,24.938,2.768
StoryScript-Regular.ttf,m,1,44,40,201.642,10.476
StoryScript-Regular.ttf,n,1,27,25,69.387,7.077
StoryScript-Regular.ttf,o,2,20,20,45.639,5.007
StoryScript-Regular.ttf,p,1,33,30,102.305,7.506
StoryScript-Regular.ttf,q,1,30,28,83.739,7.476
StoryScript-Regular.ttf,r,1,21,19,47.424,4.797
StoryScript-Regular.ttf,s,1,41,39,108.346,10.158
StoryScript-Regular.ttf,t,1,28,26,65.731,7.278
StoryScript-Regular.ttf,u,1,27,24,70.723,6.133
StoryScript-Regular.ttf,v,1,21,19,43.141,5.076
StoryScript-Regular.ttf,w,1,31,29,96.982,7.183
StoryScript-Regular.ttf,x,1,25,23,61.329,6.12
StoryScript-Regular.ttf,y,1,25,23,64.7,10.374
StoryScript-Regular.ttf,z,1,23,21,68.057,6.409
StoryScript-Regular.ttf,A,2,27,27,69.593,7.562
StoryScript-Regular.ttf,B,3,45,47,126.445,15.508
StoryScript-Regular.ttf,C,1,38,36,96.792,8.796
StoryScript-Regular.ttf,D,2,25,25,54.586,6.58
StoryScript-Regular.ttf,E,1,28,26,74.174,7.442
StoryScript-Regular.ttf,F,1,23,21,59.065,5.91
StoryScript-Regular.ttf,G,1,50,48,171.607,12.451
StoryScript-Regular.ttf,H,1,27,25,75.47,6.665
StoryScript-Regular.ttf,I,1,26,24,81.626,9.45
StoryScript-Regular.ttf,J,1,29,27,67.347,7.1
StoryScript-Regular.ttf,K,1,28,26,66.573,6.51
StoryScript-Regular.ttf,L,1,16,14,32.986,3.924
StoryScript-Regular.ttf,M,1,31,29,109.126,7.634
StoryScript-Regular.ttf,N,1,22,20,70.631,5.2
StoryScript-Regular.ttf,O,2,24,24,55.361,5.895
StoryScript-Regular.ttf,P,2,26,26,58.198,7.045
StoryScript-Regular.ttf,Q,2,35,35,84.397,9.041
StoryScript-Regular.ttf,R,2,32,32,72.445,8.086
StoryScript-Regular.ttf,S,1,39,37,99.625,11.781
StoryScript-Regular.ttf,T,1,19,17,52.092,8.968
StoryScript-Regular.ttf,U,1,26,24,59.107,5.931
StoryScript-Regular.ttf,V,1,18,16,36.298,4.338
StoryScript-Regular.ttf,W,1,34,32,113.815,8.579
StoryScript-Regular.ttf,X,1,24,22,56.342,5.947
StoryScript-Regular.ttf,Y,2,24,23,55.903,6.145
StoryScript-Regular.ttf,Z,1,21,19,60.784,7.61
StoryScript-Regular.ttf,0,2,30,30,68.492,7.397
StoryScript-Regular.ttf,1,1,16,14,34.566,3.791
StoryScript-Regular.ttf,2,1,32,30,82.949,7.895
StoryScript-Regular.ttf,3,1,48,46,122.598,11.748
StoryScript-Regular.ttf,4,2,29,28,83.104,7.755
StoryScript-Regular.ttf,5,1,42,40,111.532,10.6
StoryScript-Regular.ttf,6,2,32,32,91.365,10.367
StoryScript-Regular.ttf,7,1,21,19,45.175,5.385
StoryScript-Regular.ttf,8,3,45,47,120.01,11.528
StoryScript-Regular.ttf,9,2,33,33,116.109,12.919
papyrus.ttf,a,2,147,149,565.669,44.823
papyrus.ttf,b,2,194,195,911.739,59.239
papyrus.ttf,c,1,98,98,320.356,28.541
papyrus.ttf,d,2,175,175,808.392,48.971
papyrus.ttf,e,2,111,112,352.447,31.524
papyrus.ttf,f,1,115,112,409.864,32.723
papyrus.ttf,g,2,248,255,1826.18,83.671
papyrus.ttf,h,1,153,158,746.865,47.336
papyrus.ttf,i,2,61,60,182.864,19.601
papyrus.ttf,j,2,126,124,545.721,36.524
papyrus.ttf,k,1,141,143,641.898,45.312
papyrus.ttf,l,1,90,88,313.52,25.639
papyrus.ttf,m,1,164,161,751.729,48.746
papyrus.ttf,n,1,117,114,430.705,35.777
papyrus.ttf,o,2,103,106,373.288,27.617
papyrus.ttf,p,2,181,180,886.545,53.033
papyrus.ttf,q,2,167,165,779.083,49.089
papyrus.ttf,r,1,81,81,250.33,24.727
papyrus.ttf,s,1,97,98,320.945,28.018
papyrus.ttf,t,1,95,92,357.082,27.515
papyrus.ttf,u,1,108,106,386.732,30.315
papyrus.ttf,v,1,76,74,242.26,19.225
papyrus.ttf,w,1,123,121,455.205,33.382
papyrus.ttf,x,1,84,82,288.966,21.546
papyrus.ttf,y,1,159,161,717.907,47.059
papyrus.ttf,z,1,100,98,368.082,28.826
papyrus.ttf,A,2,257,260,1481.89,73.327
papyrus.ttf,B,3,351,351,2300.06,99.565
papyrus.ttf,C,1,216,215,988.091,60.825
papyrus.ttf,D,2,298,305,2573.03,227.763
papyrus.ttf,E,1,320,321,2468.44,101.76
papyrus.ttf,F,1,230,226,1469,149.211
papyrus.ttf,G,1,273,270,1835.82,73.931
papyrus.ttf,H,1,300,290,2101.44,83.367
papyrus.ttf,I,1,102,102,470.9,31.805
papyrus.ttf,J,1,167,168,676.113,45.456
papyrus.ttf,K,1,261,263,1457.93,91.917
papyrus.ttf,L,1,192,198,961.393,58.943
papyrus.ttf,M,1,387,387,2979.82,128.625
papyrus.ttf,N,1,293,295,2028.03,82.44
papyrus.ttf,O,3,297,302,2177.6,84.508
papyrus.ttf,P,2,207,207,1000.96,57.669
papyrus.ttf,Q,2,340,338,2163.09,104.486
papyrus.ttf,R,2,280,278,1588.85,82.899
papyrus.ttf,S,1,259,254,1403.85,68.958
papyrus.ttf,T,1,208,207,1128.63,60.731
papyrus.ttf,U,1,290,294,1769.88,80.74
papyrus.ttf,V,1,192,193,979.633,51.24
papyrus.ttf,W,1,309,307,2841.53,146.369
papyrus.ttf,X,1,214,211,1357.57,71.428
papyrus.ttf,Y,1,188,187,992.085,55.395
papyrus.ttf,Z,1,256,251,1523.79,78.012
papyrus.ttf,0,2,165,166,796.763,49.814
papyrus.ttf,1,1,72,69,242.349,22.393
papyrus.ttf,2,1,140,142,579.969,39.397
papyrus.ttf,3,1,138,137,524.769,37.884
papyrus.ttf,4,2,159,162,723.552,46.495
papyrus.ttf,5,1,153,152,658.845,41.065
papyrus.ttf,6,1,147,144,670.699,38.309
papyrus.ttf,7,1,122,120,426.702,31.918
papyrus.ttf,8,3,165,166,719.359,43.692
papyrus.ttf,9,1,166,170,856.691,62.136
